variant_id	chromosome	position_bp	allele_a	allele_b	beta	se	p
1_17292_A_G	1	17292	A	G	-0.0275169	0.05	0.582087
1_19761_T_G	1	19761	T	G	-0.0416317	0.05	0.405051
1_22670_C_T	1	22670	C	T	-0.00366023	0.05	0.941643
1_31265_T_G	1	31265	T	G	-0.0176887	0.05	0.723508
1_31483_A_G	1	31483	A	G	0.123423	0.05	0.0135695
1_34098_T_G	1	34098	T	G	-0.0296189	0.05	0.553597
1_34477_C_T	1	34477	C	T	-0.00178386	0.05	0.97154
1_36056_C_A	1	36056	C	A	0.000126555	0.05	0.99798
1_37664_C_A	1	37664	C	A	0.0184286	0.05	0.712447
1_37736_A_C	1	37736	A	C	-0.00426127	0.05	0.932082
1_42268_G_T	1	42268	G	T	-0.0586034	0.05	0.24117
1_47430_G_T	1	47430	G	T	0.0637886	0.05	0.202036
1_58004_T_G	1	58004	T	G	0.00981814	0.05	0.844326
1_59064_C_T	1	59064	C	T	0.00711717	0.05	0.886809
1_66563_A_G	1	66563	A	G	0.0197789	0.05	0.692416
1_79128_A_G	1	79128	A	G	-0.0783328	0.05	0.117195
1_91167_C_T	1	91167	C	T	-0.030257	0.05	0.545086
1_99103_C_A	1	99103	C	A	-0.0883654	0.05	0.0771768
1_108908_T_C	1	108908	T	C	-0.0118463	0.05	0.812714
1_110126_A_C	1	110126	A	C	-0.00645269	0.05	0.897315
1_115855_G_T	1	115855	G	T	0.0263019	0.05	0.598861
1_119148_G_A	1	119148	G	A	0.104859	0.05	0.035978
1_122299_C_T	1	122299	C	T	-0.0146844	0.05	0.768996
1_123006_A_G	1	123006	A	G	0.00882591	0.05	0.859887
1_128365_C_T	1	128365	C	T	-0.0755759	0.05	0.130656
1_131027_C_T	1	131027	C	T	-0.105143	0.05	0.0354775
1_131420_A_C	1	131420	A	C	0.0262524	0.05	0.59955
1_133284_C_A	1	133284	C	A	0.0387972	0.05	0.437783
1_143071_G_T	1	143071	G	T	-0.00201118	0.05	0.967915
1_151541_A_C	1	151541	A	C	-0.00631522	0.05	0.899491
1_152280_A_C	1	152280	A	C	0.0159486	0.05	0.749748
1_152418_G_A	1	152418	G	A	-0.0695389	0.05	0.164293
1_158517_C_A	1	158517	C	A	-0.00208143	0.05	0.966795
1_162238_G_T	1	162238	G	T	-0.0289204	0.05	0.562989
1_163950_G_A	1	163950	G	A	-0.00601524	0.05	0.904242
1_171578_T_C	1	171578	T	C	-0.0360853	0.05	0.470475
1_179055_C_A	1	179055	C	A	-0.11545	0.05	0.0209441
1_183990_C_A	1	183990	C	A	0.0496172	0.05	0.32103
1_185825_C_A	1	185825	C	A	0.0410212	0.05	0.411974
1_186459_T_C	1	186459	T	C	-0.0149345	0.05	0.765176
1_208769_A_C	1	208769	A	C	-0.0081415	0.05	0.870652
1_210588_A_C	1	210588	A	C	0.0364696	0.05	0.465762
1_226155_C_A	1	226155	C	A	0.0807072	0.05	0.106496
1_226412_G_T	1	226412	G	T	0.00122598	0.05	0.980438
1_232571_T_G	1	232571	T	G	0.0179023	0.05	0.720309
1_240363_T_G	1	240363	T	G	0.0327044	0.05	0.513055
1_241895_A_G	1	241895	A	G	-0.103638	0.05	0.0381942
1_244191_C_T	1	244191	C	T	0.00473557	0.05	0.924544
1_246564_G_A	1	246564	G	A	-0.0111687	0.05	0.823245
1_246921_G_A	1	246921	G	A	0.0934617	0.05	0.0615904
1_255359_T_G	1	255359	T	G	0.101516	0.05	0.0423243
1_263040_A_C	1	263040	A	C	0.0286151	0.05	0.567118
1_279693_T_G	1	279693	T	G	0.0214996	0.05	0.667201
1_280510_C_T	1	280510	C	T	-0.0206001	0.05	0.680339
1_282027_A_G	1	282027	A	G	-0.0933001	0.05	0.0620411
1_285126_G_A	1	285126	G	A	-0.000628795	0.05	0.989966
1_290244_G_T	1	290244	G	T	-0.000549215	0.05	0.991236
1_293294_A_C	1	293294	A	C	0.048349	0.05	0.333554
1_294539_G_A	1	294539	G	A	0.0246767	0.05	0.621636
1_296983_A_C	1	296983	A	C	0.0698548	0.05	0.162385
1_311824_G_A	1	311824	G	A	0.10016	0.05	0.0451548
1_313754_C_T	1	313754	C	T	0.0163598	0.05	0.74352
1_323393_T_C	1	323393	T	C	-0.0249897	0.05	0.617221
1_340182_C_A	1	340182	C	A	0.0103224	0.05	0.836441
1_341083_C_A	1	341083	C	A	-0.0220473	0.05	0.659253
1_349882_C_T	1	349882	C	T	-0.00998309	0.05	0.841745
1_356508_C_T	1	356508	C	T	0.100685	0.05	0.0440411
1_363144_C_A	1	363144	C	A	-0.0809348	0.05	0.105513
1_370031_T_G	1	370031	T	G	-0.0917494	0.05	0.0665075
1_380348_G_A	1	380348	G	A	-0.00909981	0.05	0.855586
1_380536_G_T	1	380536	G	T	-0.102362	0.05	0.0406349
1_380640_T_C	1	380640	T	C	0.0462079	0.05	0.355404
1_388391_G_A	1	388391	G	A	0.0165272	0.05	0.740989
1_403127_C_T	1	403127	C	T	0.00638028	0.05	0.898461
1_415479_A_C	1	415479	A	C	-0.120918	0.05	0.0155903
1_421063_T_C	1	421063	T	C	0.131645	0.05	0.00846579
1_421216_T_G	1	421216	T	G	-0.0960557	0.05	0.0547174
1_423041_A_C	1	423041	A	C	-0.149573	0.05	0.00277642
1_427751_A_C	1	427751	A	C	-0.15316	0.05	0.00218984
1_431262_C_A	1	431262	C	A	0.177953	0.05	0.000372198
1_431723_T_G	1	431723	T	G	-0.168443	0.05	0.000754785
1_434191_G_T	1	434191	G	T	0.167771	0.05	0.00079245
1_437459_T_C	1	437459	T	C	-0.246212	0.05	8.46854e-07
1_441452_G_A	1	441452	G	A	0.225516	0.05	6.47316e-06
1_445924_C_A	1	445924	C	A	0.281946	0.05	1.71115e-08
1_447829_T_C	1	447829	T	C	0.302568	0.05	1.43637e-09
1_459689_C_A	1	459689	C	A	-0.350995	0.05	2.2203e-12
1_460010_G_T	1	460010	G	T	0.363837	0.05	3.41994e-13
1_462007_A_C	1	462007	A	C	-0.397157	0.05	1.97111e-15
1_466444_T_C	1	466444	T	C	-0.394367	0.05	3.08693e-15
1_467108_A_G	1	467108	A	G	0.371801	0.05	1.03761e-13
1_469868_T_G	1	469868	T	G	0.392102	0.05	4.43283e-15
1_479504_C_A	1	479504	C	A	0.470644	0.05	4.82741e-21
1_481887_A_C	1	481887	A	C	0.460613	0.05	3.193e-20
1_482811_C_A	1	482811	C	A	-0.468141	0.05	7.76307e-21
1_484094_C_T	1	484094	C	T	-0.512519	0.05	1.17891e-24
1_486186_T_G	1	486186	T	G	0.486438	0.05	2.27331e-22
1_489946_G_T	1	489946	G	T	0.493809	0.05	5.28081e-23
1_499452_A_C	1	499452	A	C	0.501669	0.05	1.0873e-23
1_499658_A_C	1	499658	A	C	0.480304	0.05	7.5358e-22
1_500000_A_T	1	500000	A	T	0.516094	0.05	5.6119e-25
1_512400_A_C	1	512400	A	C	0.481656	0.05	5.79428e-22
1_525295_G_A	1	525295	G	A	0.443599	0.05	7.18599e-19
1_528016_G_A	1	528016	G	A	-0.459875	0.05	3.66369e-20
1_530754_A_G	1	530754	A	G	0.429163	0.05	9.22269e-18
1_535417_T_C	1	535417	T	C	-0.425334	0.05	1.78982e-17
1_546424_C_A	1	546424	C	A	0.348196	0.05	3.30929e-12
1_554419_G_T	1	554419	G	T	-0.250095	0.05	5.67669e-07
1_556321_G_A	1	556321	G	A	-0.273899	0.05	4.30217e-08
1_559470_T_C	1	559470	T	C	0.24959	0.05	5.98182e-07
1_560335_G_A	1	560335	G	A	-0.228556	0.05	4.85122e-06
1_561372_A_C	1	561372	A	C	-0.252942	0.05	4.21822e-07
1_561408_A_G	1	561408	A	G	0.239771	0.05	1.62329e-06
1_562791_T_C	1	562791	T	C	0.25915	0.05	2.18337e-07
1_563324_T_G	1	563324	T	G	0.213045	0.05	2.03598e-05
1_564729_A_G	1	564729	A	G	-0.225698	0.05	6.36289e-06
1_576307_T_G	1	576307	T	G	0.17001	0.05	0.000673371
1_579143_C_A	1	579143	C	A	0.0292812	0.05	0.558129
1_579736_T_G	1	579736	T	G	0.128646	0.05	0.0100847
1_582764_A_G	1	582764	A	G	0.139763	0.05	0.00518591
1_585707_A_G	1	585707	A	G	0.146083	0.05	0.00348173
1_587414_G_T	1	587414	G	T	0.135889	0.05	0.006572
1_601426_T_G	1	601426	T	G	-0.104642	0.05	0.0363634
1_620899_G_A	1	620899	G	A	-0.0244369	0.05	0.625027
1_623882_T_G	1	623882	T	G	-0.0246797	0.05	0.621593
1_629962_T_C	1	629962	T	C	0.0167157	0.05	0.738143
1_636534_A_G	1	636534	A	G	-0.114012	0.05	0.0225938
1_641443_G_T	1	641443	G	T	0.0708724	0.05	0.156352
1_644883_C_A	1	644883	C	A	0.00987791	0.05	0.843391
1_662541_C_T	1	662541	C	T	-0.0253833	0.05	0.611688
1_662964_G_T	1	662964	G	T	0.125229	0.05	0.0122599
1_668864_T_G	1	668864	T	G	0.0284701	0.05	0.569083
1_671002_T_G	1	671002	T	G	0.0093917	0.05	0.851007
1_673505_T_G	1	673505	T	G	-0.055911	0.05	0.263473
1_675021_T_G	1	675021	T	G	-0.00347859	0.05	0.944535
1_681746_A_C	1	681746	A	C	-0.0968614	0.05	0.0527176
1_686320_G_A	1	686320	G	A	-0.0957072	0.05	0.0556019
1_687694_A_C	1	687694	A	C	0.0940014	0.05	0.0601042
1_688284_T_G	1	688284	T	G	0.00422515	0.05	0.932656
1_691030_T_C	1	691030	T	C	0.00156783	0.05	0.974985
1_692222_C_A	1	692222	C	A	0.0391441	0.05	0.433696
1_693196_G_A	1	693196	G	A	0.0198111	0.05	0.691941
1_695829_C_A	1	695829	C	A	-0.0221587	0.05	0.657639
1_698613_A_G	1	698613	A	G	-0.0199145	0.05	0.690416
1_702152_T_G	1	702152	T	G	-0.0241166	0.05	0.62957
1_703562_C_A	1	703562	C	A	-0.000400943	0.05	0.993602
1_715901_G_T	1	715901	G	T	-0.0124527	0.05	0.80332
1_720926_G_A	1	720926	G	A	-0.00125397	0.05	0.979992
1_728926_T_G	1	728926	T	G	0.0517045	0.05	0.301095
1_734876_C_T	1	734876	C	T	0.0994495	0.05	0.0467023
1_746743_T_C	1	746743	T	C	-0.0108788	0.05	0.827759
1_753590_A_C	1	753590	A	C	0.00213594	0.05	0.965926
1_757593_G_T	1	757593	G	T	-0.1242	0.05	0.0129916
1_759753_A_G	1	759753	A	G	-0.143783	0.05	0.00403189
1_760077_G_A	1	760077	G	A	0.0319258	0.05	0.523137
1_766668_T_G	1	766668	T	G	-0.000662001	0.05	0.989436
1_767425_A_G	1	767425	A	G	0.0981966	0.05	0.049538
1_767771_C_A	1	767771	C	A	-0.0390849	0.05	0.434392
1_767841_G_T	1	767841	G	T	0.0348326	0.05	0.48602
1_769184_A_G	1	769184	A	G	-0.0195442	0.05	0.695883
1_773448_A_G	1	773448	A	G	0.0383741	0.05	0.442794
1_787289_A_G	1	787289	A	G	-0.0341082	0.05	0.495135
1_807262_C_T	1	807262	C	T	0.107664	0.05	0.031296
1_816784_A_C	1	816784	A	C	-0.0004122	0.05	0.993422
1_820044_C_T	1	820044	C	T	0.00401103	0.05	0.936062
1_848754_G_T	1	848754	G	T	-0.0121513	0.05	0.807986
1_850585_T_C	1	850585	T	C	0.0131275	0.05	0.792897
1_853691_T_G	1	853691	T	G	0.0148843	0.05	0.765943
1_854228_T_G	1	854228	T	G	0.00927619	0.05	0.852818
1_857210_A_G	1	857210	A	G	-0.176635	0.05	0.000411339
1_857606_G_A	1	857606	G	A	0.0174718	0.05	0.726761
1_875648_A_G	1	875648	A	G	-0.00296153	0.05	0.952768
1_877493_G_T	1	877493	G	T	0.00768322	0.05	0.877874
1_879802_T_G	1	879802	T	G	-0.0142456	0.05	0.775712
1_885538_C_A	1	885538	C	A	0.0406246	0.05	0.416509
1_887154_C_T	1	887154	C	T	0.0525982	0.05	0.292816
1_888794_G_T	1	888794	G	T	-0.047081	0.05	0.346387
1_889482_G_T	1	889482	G	T	0.0172883	0.05	0.729519
1_902288_A_C	1	902288	A	C	0.11688	0.05	0.0194081
1_907455_G_A	1	907455	G	A	-0.0200276	0.05	0.68875
1_911092_G_T	1	911092	G	T	0.0280771	0.05	0.574428
1_914829_C_T	1	914829	C	T	-0.00292351	0.05	0.953374
1_915344_A_C	1	915344	A	C	-0.0383507	0.05	0.443074
1_916984_A_G	1	916984	A	G	-0.0116982	0.05	0.815013
1_918644_G_T	1	918644	G	T	-0.0268471	0.05	0.591307
1_933778_T_G	1	933778	T	G	-0.0247276	0.05	0.620916
1_938081_C_T	1	938081	C	T	0.0467014	0.05	0.35029
1_938812_G_T	1	938812	G	T	-0.0195866	0.05	0.695257
1_943576_A_C	1	943576	A	C	-0.00772518	0.05	0.877213
1_952425_T_G	1	952425	T	G	0.074585	0.05	0.135778
1_955567_C_A	1	955567	C	A	-0.00589656	0.05	0.906122
1_957152_G_T	1	957152	G	T	0.0672215	0.05	0.178809
1_957955_T_G	1	957955	T	G	-0.00680917	0.05	0.891676
1_958877_T_C	1	958877	T	C	0.08943	0.05	0.0736792
1_969759_G_A	1	969759	G	A	0.00350255	0.05	0.944153
1_971748_C_A	1	971748	C	A	0.00519344	0.05	0.917273
1_973262_T_G	1	973262	T	G	-0.0207497	0.05	0.678147
1_976943_T_G	1	976943	T	G	0.0323653	0.05	0.517434
1_985040_C_T	1	985040	C	T	-0.117195	0.05	0.0190834
1_987623_A_G	1	987623	A	G	-0.000901222	0.05	0.985619
